{
  "timestamp": "20250712_112954",
  "dataset": "arc-agi-1",
  "subset": "gpt-4.1-mini-calib-train",
  "model": "gpt-4.1-mini",
  "reasoning_effort": "N/A",
  "repeat_runs": 3,
  "run_statistics": [
    {
      "run_number": 1,
      "attempted_tasks": 46,
      "turn1_solved": 7,
      "all_turns_solved": 17,
      "turn1_success_rate": 0.15217391304347827,
      "all_turns_success_rate": 0.3695652173913043
    },
    {
      "run_number": 2,
      "attempted_tasks": 46,
      "turn1_solved": 6,
      "all_turns_solved": 15,
      "turn1_success_rate": 0.13043478260869565,
      "all_turns_success_rate": 0.32608695652173914
    },
    {
      "run_number": 3,
      "attempted_tasks": 46,
      "turn1_solved": 7,
      "all_turns_solved": 18,
      "turn1_success_rate": 0.15217391304347827,
      "all_turns_success_rate": 0.391304347826087
    }
  ],
  "turn1_success_rate_mean": 0.14492753623188406,
  "turn1_success_rate_std": 0.012551092808470134,
  "all_turns_success_rate_mean": 0.36231884057971014,
  "all_turns_success_rate_std": 0.03320707025330319
}