{
  "timestamp": "20250715_153416",
  "dataset": "arc-agi-1",
  "subset": "gpt-4.1-mini-calib-train",
  "model": "ft:gpt-4.1-nano-2025-04-14:trelis-ltd:15-jul-smol-test:BtaYzBKJ",
  "reasoning_effort": "low",
  "repeat_runs": 3,
  "run_statistics": [
    {
      "run_number": 1,
      "attempted_tasks": 46,
      "turn1_solved": 1,
      "all_turns_solved": 4,
      "turn1_success_rate": 0.021739130434782608,
      "all_turns_success_rate": 0.08695652173913043
    },
    {
      "run_number": 2,
      "attempted_tasks": 46,
      "turn1_solved": 3,
      "all_turns_solved": 6,
      "turn1_success_rate": 0.06521739130434782,
      "all_turns_success_rate": 0.13043478260869565
    },
    {
      "run_number": 3,
      "attempted_tasks": 46,
      "turn1_solved": 2,
      "all_turns_solved": 5,
      "turn1_success_rate": 0.043478260869565216,
      "all_turns_success_rate": 0.10869565217391304
    }
  ],
  "turn1_success_rate_mean": 0.043478260869565216,
  "turn1_success_rate_std": 0.021739130434782608,
  "all_turns_success_rate_mean": 0.10869565217391304,
  "all_turns_success_rate_std": 0.021739130434782608
}