{
  "timestamp": "20250715_163246",
  "dataset": "arc-agi-1",
  "subset": "gpt-4.1-mini-calib-train",
  "model": "gpt-4.1-nano",
  "reasoning_effort": "low",
  "repeat_runs": 3,
  "run_statistics": [
    {
      "run_number": 1,
      "attempted_tasks": 46,
      "turn1_solved": 5,
      "all_turns_solved": 9,
      "turn1_success_rate": 0.10869565217391304,
      "all_turns_success_rate": 0.1956521739130435
    },
    {
      "run_number": 2,
      "attempted_tasks": 46,
      "turn1_solved": 3,
      "all_turns_solved": 12,
      "turn1_success_rate": 0.06521739130434782,
      "all_turns_success_rate": 0.2608695652173913
    },
    {
      "run_number": 3,
      "attempted_tasks": 46,
      "turn1_solved": 3,
      "all_turns_solved": 11,
      "turn1_success_rate": 0.06521739130434782,
      "all_turns_success_rate": 0.2391304347826087
    }
  ],
  "turn1_success_rate_mean": 0.07971014492753624,
  "turn1_success_rate_std": 0.02510218561694025,
  "all_turns_success_rate_mean": 0.2318840579710145,
  "all_turns_success_rate_std": 0.03320707025330318
}