{
  "timestamp": "20250716_145952",
  "dataset": "arc-agi-1",
  "subset": "gpt-4.1-mini-calib-train",
  "model": "Qwen/Qwen3-4B",
  "reasoning_effort": "low",
  "repeat_runs": 3,
  "run_statistics": [
    {
      "run_number": 1,
      "attempted_tasks": 46,
      "turn1_solved": 11,
      "all_turns_solved": 17,
      "turn1_success_rate": 0.2391304347826087,
      "all_turns_success_rate": 0.3695652173913043
    },
    {
      "run_number": 2,
      "attempted_tasks": 46,
      "turn1_solved": 12,
      "all_turns_solved": 17,
      "turn1_success_rate": 0.2608695652173913,
      "all_turns_success_rate": 0.3695652173913043
    },
    {
      "run_number": 3,
      "attempted_tasks": 46,
      "turn1_solved": 9,
      "all_turns_solved": 19,
      "turn1_success_rate": 0.1956521739130435,
      "all_turns_success_rate": 0.41304347826086957
    }
  ],
  "turn1_success_rate_mean": 0.2318840579710145,
  "turn1_success_rate_std": 0.03320707025330318,
  "all_turns_success_rate_mean": 0.38405797101449274,
  "all_turns_success_rate_std": 0.025102185616940265
}