{
  "timestamp": "20250711_131229",
  "dataset": "arc-agi-1",
  "subset": "gpt-4.1-mini-calib",
  "model": "gpt-4.1-mini",
  "reasoning_effort": "N/A",
  "repeat_runs": 3,
  "run_statistics": [
    {
      "run_number": 1,
      "attempted_tasks": 95,
      "turn1_solved": 14,
      "all_turns_solved": 30,
      "turn1_success_rate": 0.14736842105263157,
      "all_turns_success_rate": 0.3157894736842105
    },
    {
      "run_number": 2,
      "attempted_tasks": 95,
      "turn1_solved": 17,
      "all_turns_solved": 32,
      "turn1_success_rate": 0.17894736842105263,
      "all_turns_success_rate": 0.3368421052631579
    },
    {
      "run_number": 3,
      "attempted_tasks": 95,
      "turn1_solved": 16,
      "all_turns_solved": 36,
      "turn1_success_rate": 0.16842105263157894,
      "all_turns_success_rate": 0.37894736842105264
    }
  ],
  "turn1_success_rate_mean": 0.16491228070175437,
  "turn1_success_rate_std": 0.016079212964757342,
  "all_turns_success_rate_mean": 0.34385964912280703,
  "all_turns_success_rate_std": 0.032158425929514685
}