{
  "timestamp": "20250712_110633",
  "dataset": "arc-agi-1",
  "subset": "gpt-4.1-mini-calib-train",
  "model": "gpt-4.1-mini",
  "reasoning_effort": "N/A",
  "repeat_runs": 3,
  "run_statistics": [
    {
      "run_number": 1,
      "attempted_tasks": 46,
      "turn1_solved": 5,
      "all_turns_solved": 16,
      "turn1_success_rate": 0.10869565217391304,
      "all_turns_success_rate": 0.34782608695652173
    },
    {
      "run_number": 2,
      "attempted_tasks": 46,
      "turn1_solved": 8,
      "all_turns_solved": 19,
      "turn1_success_rate": 0.17391304347826086,
      "all_turns_success_rate": 0.41304347826086957
    },
    {
      "run_number": 3,
      "attempted_tasks": 46,
      "turn1_solved": 8,
      "all_turns_solved": 17,
      "turn1_success_rate": 0.17391304347826086,
      "all_turns_success_rate": 0.3695652173913043
    }
  ],
  "turn1_success_rate_mean": 0.15217391304347824,
  "turn1_success_rate_std": 0.03765327842541037,
  "all_turns_success_rate_mean": 0.3768115942028986,
  "all_turns_success_rate_std": 0.033207070253303196
}