{
  "timestamp": "20250711_134552",
  "dataset": "arc-agi-1",
  "subset": "gpt-4.1-mini-calib",
  "model": "gpt-4.1-mini",
  "reasoning_effort": "N/A",
  "repeat_runs": 3,
  "run_statistics": [
    {
      "run_number": 1,
      "attempted_tasks": 95,
      "turn1_solved": 12,
      "all_turns_solved": 26,
      "turn1_success_rate": 0.12631578947368421,
      "all_turns_success_rate": 0.2736842105263158
    },
    {
      "run_number": 2,
      "attempted_tasks": 95,
      "turn1_solved": 16,
      "all_turns_solved": 25,
      "turn1_success_rate": 0.16842105263157894,
      "all_turns_success_rate": 0.2631578947368421
    },
    {
      "run_number": 3,
      "attempted_tasks": 95,
      "turn1_solved": 15,
      "all_turns_solved": 26,
      "turn1_success_rate": 0.15789473684210525,
      "all_turns_success_rate": 0.2736842105263158
    }
  ],
  "turn1_success_rate_mean": 0.15087719298245614,
  "turn1_success_rate_std": 0.021912273678590867,
  "all_turns_success_rate_mean": 0.27017543859649124,
  "all_turns_success_rate_std": 0.006077371254627658
}