{
  "timestamp": "20250712_115501",
  "dataset": "arc-agi-1",
  "subset": "gpt-4.1-mini-calib-train",
  "model": "gpt-4.1-mini",
  "reasoning_effort": "N/A",
  "repeat_runs": 3,
  "run_statistics": [
    {
      "run_number": 1,
      "attempted_tasks": 46,
      "turn1_solved": 2,
      "all_turns_solved": 7,
      "turn1_success_rate": 0.043478260869565216,
      "all_turns_success_rate": 0.15217391304347827
    },
    {
      "run_number": 2,
      "attempted_tasks": 46,
      "turn1_solved": 0,
      "all_turns_solved": 7,
      "turn1_success_rate": 0.0,
      "all_turns_success_rate": 0.15217391304347827
    },
    {
      "run_number": 3,
      "attempted_tasks": 46,
      "turn1_solved": 3,
      "all_turns_solved": 8,
      "turn1_success_rate": 0.06521739130434782,
      "all_turns_success_rate": 0.17391304347826086
    }
  ],
  "turn1_success_rate_mean": 0.036231884057971016,
  "turn1_success_rate_std": 0.03320707025330319,
  "all_turns_success_rate_mean": 0.15942028985507248,
  "all_turns_success_rate_std": 0.012551092808470117
}