{
  "timestamp": "20250717_121723",
  "dataset": "arc-agi-1",
  "subset": "gpt-4.1-mini-calib-train",
  "model": "Trelis/lorge-16-jul",
  "reasoning_effort": "low",
  "repeat_runs": 3,
  "run_statistics": [
    {
      "run_number": 1,
      "attempted_tasks": 46,
      "turn1_solved": 2,
      "all_turns_solved": 6,
      "turn1_success_rate": 0.043478260869565216,
      "all_turns_success_rate": 0.13043478260869565
    },
    {
      "run_number": 2,
      "attempted_tasks": 46,
      "turn1_solved": 2,
      "all_turns_solved": 6,
      "turn1_success_rate": 0.043478260869565216,
      "all_turns_success_rate": 0.13043478260869565
    },
    {
      "run_number": 3,
      "attempted_tasks": 46,
      "turn1_solved": 3,
      "all_turns_solved": 8,
      "turn1_success_rate": 0.06521739130434782,
      "all_turns_success_rate": 0.17391304347826086
    }
  ],
  "turn1_success_rate_mean": 0.050724637681159424,
  "turn1_success_rate_std": 0.012551092808470126,
  "all_turns_success_rate_mean": 0.14492753623188406,
  "all_turns_success_rate_std": 0.02510218561694025
}