{
  "timestamp": "20250716_180618",
  "dataset": "arc-agi-1",
  "subset": "gpt-4.1-mini-calib-train",
  "model": "Trelis/lorge-16-jul",
  "reasoning_effort": "low",
  "repeat_runs": 3,
  "run_statistics": [
    {
      "run_number": 1,
      "attempted_tasks": 46,
      "turn1_solved": 5,
      "all_turns_solved": 21,
      "turn1_success_rate": 0.10869565217391304,
      "all_turns_success_rate": 0.45652173913043476
    },
    {
      "run_number": 2,
      "attempted_tasks": 46,
      "turn1_solved": 3,
      "all_turns_solved": 17,
      "turn1_success_rate": 0.06521739130434782,
      "all_turns_success_rate": 0.3695652173913043
    },
    {
      "run_number": 3,
      "attempted_tasks": 46,
      "turn1_solved": 1,
      "all_turns_solved": 12,
      "turn1_success_rate": 0.021739130434782608,
      "all_turns_success_rate": 0.2608695652173913
    }
  ],
  "turn1_success_rate_mean": 0.06521739130434782,
  "turn1_success_rate_std": 0.043478260869565216,
  "all_turns_success_rate_mean": 0.36231884057971014,
  "all_turns_success_rate_std": 0.09802716853962813
}