{
  "timestamp": "20250717_120114",
  "dataset": "arc-agi-1",
  "subset": "gpt-4.1-mini-calib-train",
  "model": "Qwen/Qwen3-4B",
  "reasoning_effort": "low",
  "repeat_runs": 3,
  "run_statistics": [
    {
      "run_number": 1,
      "attempted_tasks": 46,
      "turn1_solved": 2,
      "all_turns_solved": 7,
      "turn1_success_rate": 0.043478260869565216,
      "all_turns_success_rate": 0.15217391304347827
    },
    {
      "run_number": 2,
      "attempted_tasks": 46,
      "turn1_solved": 1,
      "all_turns_solved": 7,
      "turn1_success_rate": 0.021739130434782608,
      "all_turns_success_rate": 0.15217391304347827
    },
    {
      "run_number": 3,
      "attempted_tasks": 46,
      "turn1_solved": 2,
      "all_turns_solved": 10,
      "turn1_success_rate": 0.043478260869565216,
      "all_turns_success_rate": 0.21739130434782608
    }
  ],
  "turn1_success_rate_mean": 0.036231884057971016,
  "turn1_success_rate_std": 0.012551092808470126,
  "all_turns_success_rate_mean": 0.17391304347826086,
  "all_turns_success_rate_std": 0.037653278425410365
}